CANNOLI,APPEALING
CARPACCIO,SINFUL
COUSCOUS,CLEAN
GYRO,DRAMATIC
PIEROGI,SOULFUL
PUDDING,PLEASING
LASAGNA,GLORIOUS
GELATO,FRAGRANT
TEMPURA,TIMELESS
SAUCE,RUSTIC
MARINARA,GENTLE
SORBET,CHARISMATIC
RISOTTO,INDELIBLE
PITA,IRRESISTIBLE
CASSOULET,CLASSIC
ONIGIRI,INDULGENT
BRUSCHETTA,OPULENT
POUTINE,AMBROSIAL
FALAFEL,INTENSE
AIOLI,GRAND
MINESTRONE,BRIGHT
SASHIMI,RAPTUROUS
CARBONARA,LUSCIOUS
TACOS,BALANCED
TANDOORI,SOOTHING
SOUP,COMFORTING
PESTO,RADIANT
CREPE,BOLD
COOKIES,TEMPTING
SUNDAE,MAGNETIC
PANINI,SIMPLE
NACHOS,HARMONIOUS
CHILI,SERIOUS
RATATOUILLE,SUBTLE
CURRY,ALLURING
BOLOGNESE,IMMACULATE
TAMALE,PLUSH
PAELLA,SUMPTUOUS
DONUT,LUSH
PANCAKES,THEATRICAL
TIRAMISU,AROMATIC
BURRITO,ECSTATIC
RAMEN,CRISP
SUSHI,EPICUREAN
CAKE,ROBUST
PARFAIT,ELEGANT
SALSA,TENDER
GRITS,SMOOTH
POLENTA,SILKY
GNOCCHI,DELECTABLE
RAVIOLI,REFINED
TORTELLINI,POLISHED
FOCACCIA,ARTISANAL
CIABATTA,HEARTY
BAGEL,SATISFYING
MUFFIN,MEMORABLE
GELATINA,DISTINCTIVE
CUSTARD,REMARKABLE
FLAN,PRISTINE
PASTRY,AIRY
CROISSANT,LIGHT
BRIOCHE,DELICATE
OMELETTE,HEFTY
FRITTATA,ABUNDANT
RISSOLE,BOUNTIFUL
HASH,LAVISH
ROAST,REGAL
MEATBALLS,ELEVATED
PORCHETTA,SOPHISTICATED
TARTARE,TRADITIONAL
PATE,AUTHENTIC
TERRINE,GENUINE
SOUFFLE,PURE
PUREE,UNCOMPLICATED
HUMMUS,WHOLESOME
TABOULI,STIMULATING
SHAKSHUKA,ENTICING
BIRYANI,NOSTALGIC
PILAF,SENSUAL
DAL,MESMERIZING
SAMOSA,ENCHANTING
DOSA,TRANSCENDENT
IDLI,SUBLIME
KORMA,ETHEREAL
CURD,INSPIRED
PANEER,ORIGINAL
BROTH,INTRIGUING
UDON,COMPELLING
SOBA,LINGERING
SALAD,UNFORGETTABLE
KIMCHI,LEGENDARY
SAUERKRAUT,ICONIC
PICKLES,SIGNATURE
OATMEAL,PREMIUM
PORRIDGE,SUPREME
GRANOLA,IMPECCABLE
MUESLI,DECADENT
YOGURT,FILLING
SHERBET,FORTIFYING
PANETTONE,NOURISHING
TIRADITO,UNIFIED
EMPANADA,BLENDED
AREPA,SEAMLESS
SOPA,GRACEFUL
CALDO,SUAVE
MENUDO,SLEEK
GUMBO,GLOSSY
BISQUE,LUSTROUS
BOUILLABAISSE,BRILLIANT
CASSEROLE,SPARKLING
GRATIN,CHARMING
TARTE,DELIGHTFUL
GALETTE,GRATIFYING
CONSOMME,BLISSFUL
RILLETTES,DYNAMIC
GUACAMOLE,SPIRITED
ENCHILADA,PERKY
TOSTADA,CLEAR
CHIMICHANGA,STERLING
GORDITA,SCRUMPTIOUS
PUPUSA,ENGAGING
MOLE,MEASURED
CHURROS,RESTRAINED
NAAN,PRECISE
ROTI,DISTINCT
PARATHA,PRONOUNCED
PAKORA,ASSERTIVE
LASSI,CONFIDENT
KULFI,AMPLE
MASALA,PLENTIFUL
POHA,CONCENTRATED
UPMA,MULTIFACETED
KEBAB,NUANCED
DOLMA,RESILIENT
DUMPLING,SPRINGY
DIMSUM,DREAMY
CONGEE,DAINTY
BAO,SUNNY
SPRINGROLL,PUNCHY
CORNBREAD,RIVETING
COLLARDS,ABSORBING
BISCUITS,NOTEWORTHY
CLAMBAKE,SUPERB
MACARONI,MONUMENTAL
SCRAPPLE,MYTHIC
MOUSSAKA,DEFINITIVE
BORSCHT,OPTIMAL
BLINI,IDEAL
SCHNITZEL,UNBLEMISHED
STRUDEL,SPOTLESS
SPANAKOPITA,PLIABLE
DOLMADES,FOCUSED
TARAMASALATA,SHARP
TAPAS,POTENT
TORTILLA,FEARLESS
MIGAS,STACKED
COCIDO,ADAPTABLE
BACALHAU,FINE
PASTEL,SINCERE
SATAY,HONEST
MASSAMAN,EUPHORIC
BIBIMBAP,THRILLING
BULGOGI,FEISTY
GALBI,PEPPY
MANDU,BRISK
TTEOKBOKKI,LUCID
BANCHAN,TARGETED
TAGINE,MARKED
FOUL,PROMINENT
HARIRA,STRONG
SUYA,CERTAIN
CHAKCHOUKA,UNABASHED
CROSTINI,LOADED
AFFOGATO,
ARRABBIATA,
TONKATSU,
KATSU,
DONBURI,
SCONE,
CRUMPET,
TRIFLE,
MACARON,
MADELEINE,
GRANITA,
SEMIFREDDO,
PANDORO,
BISCOTTI,
TORTA,
POSOLE,
CARNITAS,
BIRRIA,
MACHACA,
HUARACHE,
RIBOLLITA,
OSSOBUCO,
SALTIMBOCCA,
SCAMPI,
LINGUINE,
FETTUCCINE,
RIGATONI,
FARFALLE,
PENNE,
MANICOTTI,
CANNELLONI,
AGNOLOTTI,
PAPPARDELLE,
TAGLIATELLE,
SPAGHETTI,
CAPELLINI,
BUCATINI,
MOUSSE,
ECLAIR,
PROFITEROLE,
CLAFOUTIS,
SOUFFLE,
PASTRY,
BAGEL,
HAGGIS,
SCRAMBLE,
LOAF,
SAUSAGE,
